-- MySQL dump 10.13  Distrib 8.0.20, for Linux (x86_64)
--
-- Host: 127.0.0.1    Database: CODAGLOBAL
-- ------------------------------------------------------
-- Server version	8.0.20-0ubuntu0.19.10.1

/*!40101 SET @OLD_CHARACTER_SET_CLIENT=@@CHARACTER_SET_CLIENT */;
/*!40101 SET @OLD_CHARACTER_SET_RESULTS=@@CHARACTER_SET_RESULTS */;
/*!40101 SET @OLD_COLLATION_CONNECTION=@@COLLATION_CONNECTION */;
/*!50503 SET NAMES utf8 */;
/*!40103 SET @OLD_TIME_ZONE=@@TIME_ZONE */;
/*!40103 SET TIME_ZONE='+00:00' */;
/*!40014 SET @OLD_UNIQUE_CHECKS=@@UNIQUE_CHECKS, UNIQUE_CHECKS=0 */;
/*!40014 SET @OLD_FOREIGN_KEY_CHECKS=@@FOREIGN_KEY_CHECKS, FOREIGN_KEY_CHECKS=0 */;
/*!40101 SET @OLD_SQL_MODE=@@SQL_MODE, SQL_MODE='NO_AUTO_VALUE_ON_ZERO' */;
/*!40111 SET @OLD_SQL_NOTES=@@SQL_NOTES, SQL_NOTES=0 */;

--
-- Dumping data for table `CREDENTIALS`
--

LOCK TABLES `CREDENTIALS` WRITE;
/*!40000 ALTER TABLE `CREDENTIALS` DISABLE KEYS */;
INSERT INTO `CREDENTIALS` VALUES ('836e9ae48b36491290b72a757ab044e8','admin','21232f297a57a5a743894a0e4a801fc3',1,'admin'),('660272427f354864b8afecf5c6720e50','teacher','6c970e9acc1e5bc3fe7d22db703ac1cc',2,'anusha.k'),('031460de58484f8ca15ddc206aab352d','student','e360bc13bcba071f4746adbb334cd78e',3,'rajesh.c'),('1391a495bc274ba19721ba28414e9ff3','teacher','de6428d6e4b46b9c8d097ed75ccf14f1',2,'ranjani.r');
/*!40000 ALTER TABLE `CREDENTIALS` ENABLE KEYS */;
UNLOCK TABLES;

--
-- Dumping data for table `MARKS`
--

LOCK TABLES `MARKS` WRITE;
/*!40000 ALTER TABLE `MARKS` DISABLE KEYS */;
INSERT INTO `MARKS` VALUES ('031460de58484f8ca15ddc206aab352d',1,'ccb2218beed3452db2c98ccd791fad13',67),('031460de58484f8ca15ddc206aab352d',1,'7b6293104e1742bb9d26803da1b63929',77),('031460de58484f8ca15ddc206aab352d',1,'2af7e59c850f49ff84d954ddfe412602',80),('031460de58484f8ca15ddc206aab352d',1,'ebb401547a4b4aee9013c6cafc52fcb8',68),('031460de58484f8ca15ddc206aab352d',1,'fd7552c883374e0696bebd1a777723e1',71);
/*!40000 ALTER TABLE `MARKS` ENABLE KEYS */;
UNLOCK TABLES;

--
-- Dumping data for table `SESSION`
--

LOCK TABLES `SESSION` WRITE;
/*!40000 ALTER TABLE `SESSION` DISABLE KEYS */;
INSERT INTO `SESSION` VALUES ('2bfb997fac604556b3a2fa17ddc26f7d','031460de58484f8ca15ddc206aab352d','2020-07-03 09:50:12'),('21cd0322c1244b0a8f89c9905d529b18','1391a495bc274ba19721ba28414e9ff3','2020-07-03 11:21:56'),('9ea193701d1c4017b303f47d5b11fac1','836e9ae48b36491290b72a757ab044e8','2020-07-03 09:20:01');
/*!40000 ALTER TABLE `SESSION` ENABLE KEYS */;
UNLOCK TABLES;

--
-- Dumping data for table `STUDENT`
--

LOCK TABLES `STUDENT` WRITE;
/*!40000 ALTER TABLE `STUDENT` DISABLE KEYS */;
INSERT INTO `STUDENT` VALUES ('f8150c5d11054472bcb5e6bc31291311','Harish Kumar V','2020-07-03 07:38:57','Latha','Saravanan','5th standard');
/*!40000 ALTER TABLE `STUDENT` ENABLE KEYS */;
UNLOCK TABLES;

--
-- Dumping data for table `STUDENT_TEACHER_MAP`
--

LOCK TABLES `STUDENT_TEACHER_MAP` WRITE;
/*!40000 ALTER TABLE `STUDENT_TEACHER_MAP` DISABLE KEYS */;
INSERT INTO `STUDENT_TEACHER_MAP` VALUES ('1391a495bc274ba19721ba28414e9ff3','031460de58484f8ca15ddc206aab352d'),('1391a495bc274ba19721ba28414e9ff3','f8150c5d11054472bcb5e6bc31291311');
/*!40000 ALTER TABLE `STUDENT_TEACHER_MAP` ENABLE KEYS */;
UNLOCK TABLES;

--
-- Dumping data for table `SUBJECTS`
--

LOCK TABLES `SUBJECTS` WRITE;
/*!40000 ALTER TABLE `SUBJECTS` DISABLE KEYS */;
INSERT INTO `SUBJECTS` VALUES ('ccb2218beed3452db2c98ccd791fad13','Science'),('7b6293104e1742bb9d26803da1b63929','Social'),('2af7e59c850f49ff84d954ddfe412602','Language'),('ebb401547a4b4aee9013c6cafc52fcb8','Maths'),('fd7552c883374e0696bebd1a777723e1','English');
/*!40000 ALTER TABLE `SUBJECTS` ENABLE KEYS */;
UNLOCK TABLES;

--
-- Dumping data for table `TEACHER`
--

LOCK TABLES `TEACHER` WRITE;
/*!40000 ALTER TABLE `TEACHER` DISABLE KEYS */;
INSERT INTO `TEACHER` VALUES ('1391a495bc274ba19721ba28414e9ff3','Siva Ranjani R','2020-07-03 07:25:54','Msc Physics','Science','ranjani.r@gmail.com',4,'ccb2218beed3452db2c98ccd791fad13'),('660272427f354864b8afecf5c6720e50','Anusha K','2020-07-03 07:27:18','Msc Chemistry','Science','anusha.k@gmail.com',4,'ccb2218beed3452db2c98ccd791fad13');
/*!40000 ALTER TABLE `TEACHER` ENABLE KEYS */;
UNLOCK TABLES;
/*!40103 SET TIME_ZONE=@OLD_TIME_ZONE */;

/*!40101 SET SQL_MODE=@OLD_SQL_MODE */;
/*!40014 SET FOREIGN_KEY_CHECKS=@OLD_FOREIGN_KEY_CHECKS */;
/*!40014 SET UNIQUE_CHECKS=@OLD_UNIQUE_CHECKS */;
/*!40101 SET CHARACTER_SET_CLIENT=@OLD_CHARACTER_SET_CLIENT */;
/*!40101 SET CHARACTER_SET_RESULTS=@OLD_CHARACTER_SET_RESULTS */;
/*!40101 SET COLLATION_CONNECTION=@OLD_COLLATION_CONNECTION */;
/*!40111 SET SQL_NOTES=@OLD_SQL_NOTES */;

-- Dump completed on 2020-07-03 12:53:58
